Цена (₸)                                                                                                                                         , Дата                                                             , Заведение                                                        , Улица                                                            , Номер здания                      , Дополнительно
БилетыКонцертыКонцерт Миши Марвина10 000 тенге                                                                                                   , 21 июня в 20:00                                                  , Бар Cheers                                                       , ул. Шевченко                                                     , 100
БилетыКонцертыОфициальное открытие бассейна Shah pool&spaот 10 000 тенге                                                                         , 20 июня в 11:00                                                  , Shah pool&spa                                                    , ул. Хан-Шатыра                                                   , 287/1а                            , (пересечение пр. Рыскулова и пр.Момышулы)
БилетыФестивалиФестиваль электронной музыки Şienот 15 000 тенге                                                                                  , 19 июля в 15:00                                                  , Almaty Hills                                                     , мкр. Галамат                                                     , 1288/2
БилетыФестивалиПикник by Partners (14 июня)от 25 000 тенге                                                                                       , 14 июня в 15:00                                                  , A Arena                                                          , ул. Акан Серы                                                    , 156
БилетыКонцертыСольный концерт группы «Тупик Фурманова»3000 тенге                                                                                 , 20 июня в 20:00                                                  , Бар «Бараж»                                                      , пр. Сейфуллина                                                   , 555А
БилетыКонцертыКонцерт Captown в Алматыот 8000 тенге                                                                                              , 26 июля в 18:00                                                  , Летний амфитеатр «Шабыт»                                         , ул. Гоголя                                                       , 1е
БилетыКонцертыШоу Ирины Кайратовны на Алаколеот 40 000 тенге                                                                                     , 12 июля в 21:00                                                  , Зона отдыха Comfort                                              , о. Алаколь                                                       , г. Акши                           , правый берег
БилетыСобытия в Almaty Central Stand Up ClubРазговорное шоу «Сплетни» (18 июня)3000 тенге                                                        , 18 июня в 23:30                                                  , Стендап клуб Almaty Central Stand up club                        , ул. Кабанбай Батыра                                              , 71
БилетыСобытия от Punch StandUp ClubШоу «Биг стендап» (20 июня)5000 тенге                                                                         , 20 июня в 21:30                                                  , Punch StandUp Club                                               , ул. Каирбекова                                                   , 35а
БилетыСобытия в Almaty Central Stand Up ClubЮмористическое шоу «Вызов» (18 июня)3000 тенге                                                       , 18 июня в 21:30                                                  , Стендап клуб Almaty Central Stand up club                        , ул. Кабанбай Батыра                                              , 71
БилетыСобытия от Stand Up CampСтендап-концерт «Аманжан Махметов и друзья» (by Stand Up Camp)от 4000 тенге                                        , 21 июня в 20:00                                                  , Coffee House Grain                                               , ул. Курмангазы                                                   , 97
БилетыСобытия в Almaty Central Stand Up ClubSezim melodiasy тобының концерті (27 маусым)6000 теңгеден бастап                                     , 27 июня в 21:30                                                  , Стендап клуб Almaty Central Stand up club                        , ул. Кабанбай Батыра                                              , 71
БилетыСобытия в Almaty Central Stand Up ClubСтендап-шоу «Настоящая проверка» (17 июня)3000 тенге                                                 , 17 июня в 22:00                                                  , Стендап клуб Almaty Central Stand up club                        , ул. Кабанбай Батыра                                              , 71
БилетыСобытия в Almaty Central Stand Up ClubКомедийное шоу «Давай                                                                                , рассказывай» (17 июня)3000 тенге                                 , 17 июня в 20:00                                                  , Стендап клуб Almaty Central Stand up club                        , ул. Кабанбай Батыра               , 71
БилетыСобытия от Stand Up CampПросмотр «Беременна в 16» с комиками (by Stand Up Camp)2000 тенге                                                  , 20 июня в 23:30                                                  , Cheers                                                           , ул. Шевченко                                                     , 100
БилетыСобытия от Stand Up CampКомедийное шоу «Стендап дуэль» (by Stand Up Camp)2000 тенге                                                        , 22 июня в 21:00                                                  , Cheers                                                           , ул. Шевченко                                                     , 100
БилетыСобытия от Stand Up CampBest of Stand up Campот 4000 тенге                                                                                 , 20 июня в 21:00                                                  , Cheers                                                           , ул. Шевченко                                                     , 100
БилетыСобытия от Stand Up CampКомедийное шоу «Давай                                                                                              , рассказывай» (by Stand Up Camp)2000 тенге                        , 19 июня в 21:00                                                  , Cheers                                                           , ул. Шевченко                      , 100
БилетыСобытия от Punch StandUp ClubПроверка опытных комиков (18 июня)2000 тенге                                                                  , 18 июня в 21:30                                                  , Punch StandUp Club                                               , ул. Каирбекова                                                   , 35а
Мероприятия в винном клубе Love WineВинная сессия для новичков. Белые вина14 июня в 14:00                                                        , Квартира Винного клуба Love Wine                                 , ул. Кабанбай Батыра                                              , 112
БилетыМероприятия в винном клубе Love WineМузыкальный вечер «Голос XX»5000 тенге                                                                 , 14 июня в 19:00                                                  , Квартира Винного клуба Love Wine                                 , ул. Кабанбай Батыра                                              , 112
БилетыВечеринкиВыступление Summer Of Haze5000 тенге                                                                                              , 25 июля в 22:00                                                  , Tulpan Berlin                                                    , ул. Калдаякова                                                   , 17
БилетыКинопоказыКиноужин с мультфильмом «Кунг-фу Панда» от VkusKinoот 21 000 тенге                                                               , 28 июня в 18:00                                                  , Ресторан Рис                                                     , пр. Назарбаева                                                   , 273
БилетыСобытия от Punch StandUp ClubЮмористическое шоу «Царь горы» (17 июня)2000 тенге                                                            , 17 июня в 17:30                                                  , Punch StandUp Club                                               , ул. Каирбекова                                                   , 35а
БилетыСобытия в Almaty Central Stand Up Club«Сыр» жобасы (19 маусым                                                                              , 18:00)4000 теңге                                                 , 19 июня в 18:00                                                  , Стендап клуб Almaty Central Stand up club                        , ул. Кабанбай Батыра               , 71
БилетыСобытия в Almaty Central Stand Up Club«Сыр» жобасы (19 маусым                                                                              , 21:00)4000 тенге                                                 , 19 июня в 21:00                                                  , Стендап клуб Almaty Central Stand up club                        , ул. Кабанбай Батыра               , 71
БилетыСобытия от Stand Up CampСтендап премьера (by Stand Up Camp)Донатное мероприятие (цену билета выбираете вы сами)                            , 21 июня в 18:00                                                  , Coffee House Grain                                               , ул. Курмангазы                                                   , 97
БилетыСобытия от Stand Up CampСтендап — 6 комиков (by Stand Up Camp)3000 тенге                                                                   , 22 июня в 19:00                                                  , Cheers                                                           , ул. Шевченко                                                     , 100
БилетыМероприятия в театре La BohêmeКвартирник Алексея Муковозова ко дню рождения Пола Маккартни3000 тенге                                       , 18 июня в 19:30                                                  , Театр La Bohême                                                  , ул. Валиханова                                                   , 43                                , уг. ул. Жибек Жолы
БилетыМероприятия в театре La BohêmeСпектакль для детей и родителей «Лесной переполох»2500 тенге                                                 , 28 июня в 12:00                                                  , Театр La Bohême                                                  , ул. Валиханова                                                   , 43                                , уг. ул. Жибек Жолы
БилетыСобытия в Almaty Central Stand Up ClubСтендап-шоу «Комики решают проблемы» (19 июня)5000 тенге                                             , 19 июня в 19:00                                                  , Стендап клуб Almaty Central Stand up club                        , ул. Кабанбай Батыра                                              , 71
БилетыStand UpИмпровизационное шоу «Само собой»2000 тенге                                                                                        , 17 июня в 21:30                                                  , Munchen Pub. ул. Толе Би                                         , 55
БилетыСобытия от Stand Up CampНочной сеанс стендапа (by Stand Up Camp)2000 тенге                                                                 , 19 июня в 23:30                                                  , Cheers                                                           , ул. Шевченко                                                     , 100
БилетыСобытия от Stand Up CampЖёсткий стендап (by Stand Up Camp)3500 тенге                                                                       , 20 июня в 21:00                                                  , HM Lounge Bar                                                    , ул. Жамбыла                                                      , 133
БилетыСобытия от Stand Up CampЖёсткий стендап (by Stand Up Camp)3500 тенге                                                                       , 20 июня в 23:30                                                  , HM Lounge Bar                                                    , ул. Жамбыла                                                      , 133
БилетыСобытия от Stand Up CampСтендап — 7 комиков (by Stand Up Camp)3000 тенге                                                                   , 19 июня в 21:00                                                  , Billiard bar                                                     , ул. Мамыр-4                                                      , 197а
БилетыСобытия от Stand Up CampНовый стендап (by Stand Up Camp)3000 тенге                                                                         , 17 июня в 21:00                                                  , Cheers                                                           , ул. Шевченко                                                     , 100
БилетыСобытия от Stand Up CampСтендап – 20 комиков (by Stand Up Camp)2000 тенге                                                                  , 18 июня в 21:00                                                  , Cheers                                                           , ул. Шевченко                                                     , 100
БилетыСобытия от Stand Up CampСтендап – 20 комиков (by Stand Up Camp)2000 тенге                                                                  , 16 июня в 21:00                                                  , Coffee House Grain                                               , ул. Курмангазы                                                   , 97
БилетыВечеринкиВыступление NEUX в Алматы3000 тенге                                                                                               , 20 июня в 23:00                                                  , Tulpan Berlin Studio                                             , ул. Калдаякова                                                   , 17
БилетыСобытия в Almaty Central Stand Up ClubLate Night Show with Daniyar Alshinov (14 июня)5000 тенге                                            , 14 июня в 23:00                                                  , Стендап клуб Almaty Central Stand up club                        , ул. Кабанбай Батыра                                              , 71
БилетыСобытия от Punch StandUp ClubИмпровизационное разговорное шоу «Психотипичная комедия» (22 июня)от 6000 тенге                               , 22 июня в 19:30                                                  , 21:30                                                            , Punch StandUp Club                                               , ул. Каирбекова                    , 35а
БилетыСобытия от Punch StandUp ClubСольный стендап-концерт Славы Никифорова (20 июня)от 6000 тенге                                               , 20 июня в 19:30                                                  , Punch StandUp Club                                               , ул. Каирбекова                                                   , 35а
БилетыСобытия от Punch StandUp ClubСольный стендап-концерт Славы Никифорова (19 июня)от 6000 тенге                                               , 19 июня в 21:30                                                  , Punch StandUp Club                                               , ул. Каирбекова                                                   , 35а
БилетыСпортТеннисный фестиваль Almaty Open ATP 250 (11 октября)от 3000 тенге                                                                     , 11 октября в 11:00                                               , Almaty Arena                                                     , мкр. Нуркент                                                     , 7
БилетыСпортТеннисный фестиваль Almaty Open ATP 250 (15 октября 19:00)от 3000 тенге                                                               , 15 октября в 19:00                                               , Almaty Arena                                                     , мкр. Нуркент                                                     , 7
БилетыСпортТеннисный фестиваль Almaty Open ATP 250 (16 октября                                                                                   , 11:00)от 3000 тенге                                              , 16 октября в 11:00                                               , Almaty Arena                                                     , мкр. Нуркент                      , 7
БилетыСпортТеннисный фестиваль Almaty Open ATP 250 (15 октября 11:00)от 3000 тенге                                                               , 15 октября в 11:00                                               , Almaty Arena                                                     , мкр. Нуркент                                                     , 7
БилетыСпортТеннисный фестиваль Almaty Open ATP 250 (16 октября                                                                                   , 19:00)от 3000 тенге                                              , 16 октября в 19:00                                               , Almaty Arena                                                     , мкр. Нуркент                      , 7
БилетыСпортТеннисный фестиваль Almaty Open ATP 250 (17 октября                                                                                   , 11:00)от 3000 тенге                                              , 17 октября в 11:00                                               , Almaty Arena                                                     , мкр. Нуркент                      , 7
БилетыСпортТеннисный фестиваль Almaty Open ATP 250 (14 октября 19:00)от 3000 тенге                                                               , 14 октября в 19:00                                               , Almaty Arena                                                     , мкр. Нуркент                                                     , 7
БилетыСпортТеннисный фестиваль Almaty Open ATP 250 (17 октября                                                                                   , 19:00)от 3000 тенге                                              , 17 октября в 19:00                                               , Almaty Arena                                                     , мкр. Нуркент                      , 7
БилетыСпортТеннисный фестиваль Almaty Open ATP 250 (18 октября                                                                                   , 12:00)от 3000 тенге                                              , 18 октября в 12:00                                               , Almaty Arena                                                     , мкр. Нуркент                      , 7
БилетыСпортТеннисный фестиваль Almaty Open ATP 250 (13 октября 19:00)от 3000 тенге                                                               , 13 октября в 19:00                                               , Almaty Arena                                                     , мкр. Нуркент                                                     , 7
БилетыСпортТеннисный фестиваль Almaty Open ATP 250 (18 октября                                                                                   , 19:00)от 3000 тенге                                              , 18 октября в 19:00                                               , Almaty Arena                                                     , мкр. Нуркент                      , 7
БилетыСпортТеннисный фестиваль Almaty Open ATP 250 (19 октября)от 3000 тенге                                                                     , 19 октября в 12:00                                               , Almaty Arena                                                     , мкр. Нуркент                                                     , 7
БилетыСпортТеннисный фестиваль Almaty Open ATP 250 (14 октября 11:00)от 3000 тенге                                                               , 14 октября в 11:00                                               , Almaty Arena                                                     , мкр. Нуркент                                                     , 7
БилетыСпортТеннисный фестиваль Almaty Open ATP 250 (13 октября 11:00)от 3000 тенге                                                               , 13 октября в 11:00                                               , Almaty Arena                                                     , мкр. Нуркент                                                     , 7
БилетыСпортТеннисный фестиваль Almaty Open ATP 250 (12 октября)от 3000 тенге                                                                     , 12 октября в 11:00                                               , Almaty Arena                                                     , мкр. Нуркент                                                     , 7
БилетыСобытия в Almaty Central Stand Up Club«Сыр» жобасы (19 маусым                                                                              , 15:00)4000 теңге                                                 , 19 июня в 15:00                                                  , Стендап клуб Almaty Central Stand up club                        , ул. Кабанбай Батыра               , 71
БилетыВечеринкиЛетняя хаус-вечеринка Voyage Pool Partyот 12 000 тенге                                                                            , 22 июня в 13:00                                                  , Алматинская область                                              , с. Коянкус                                                       , ул. Бейбитшилик                   , 208
БилетыStand UpДебютный сольник Шұғылы в Алматыот 4000 тенге                                                                                      , 5 июля в 19:30                                                   , Cafe Leffe                                                       , ул. Манаса                                                       , 5а
БилетыРазвлеченияКвиз                                                                                                                            , плиз! #7443000 тенге                                             , 14 июня в 17:00                                                  , Mad Murphy`s Irish Pub                                           , ул. Казыбек би                    , 65
БилетыСобытия в Almaty Central Stand Up ClubSezim melodiasy тобының концерті (20 маусым)6000 теңгеден бастап                                     , 20 июня в 21:30                                                  , Стендап клуб Almaty Central Stand up club                        , ул. Кабанбай Батыра                                              , 71
БилетыРазвлеченияКвиз                                                                                                                            , плиз! (изи) #103000 тенге                                        , 15 июня в 16:00                                                  , Guinness pub                                                     , пр. Достык                        , 71
БилетыРазвлеченияКвиз                                                                                                                            , плиз! (назад в 90-е) #63000 тенге                                , 15 июня в 19:00                                                  , Guinness pub                                                     , пр. Достык                        , 71
БилетыВечеринкиДатский техно рейв с Mama Snakeот 6000 тенге                                                                                      , 5 июля в 20:00                                                   , Место проведения будет объявлено позже
БилетыСобытия в Almaty Central Stand Up ClubСтендап-концерт «Новые шутки» (15 июня)3000 тенге                                                    , 15 июня в 19:00                                                  , Стендап клуб Almaty Central Stand up club                        , ул. Кабанбай Батыра                                              , 71
БилетыСобытия в Almaty Central Stand Up ClubСтендап-шоу «Комики решают проблемы» (15 июня)4000 тенге                                             , 15 июня в 21:30                                                  , Стендап клуб Almaty Central Stand up club                        , ул. Кабанбай Батыра                                              , 71
БилетыСобытия в Almaty Central Stand Up ClubЖенский микрофон (15 июня)3000 тенге                                                                 , 15 июня в 21:00                                                  , Стендап клуб Almaty Central Stand up club                        , ул. Кабанбай Батыра                                              , 71
БилетыСобытия от Punch StandUp ClubЮмористический киновечер «Воскресный Гарри Поттер» (15 июня)2000 тенге                                        , 15 июня в 17:00                                                  , Punch StandUp Club                                               , ул. Каирбекова                                                   , 35а
БилетыСобытия от Punch StandUp ClubБольшой открытый микрофон (14 июня)2000 тенге                                                                 , 14 июня в 17:00                                                  , Punch StandUp Club                                               , ул. Каирбекова                                                   , 35а
БилетыСобытия от Stand Up CampСъемка стендап шоу «Как на личном?» (by Stand Up Camp)2000 тенге                                                   , 15 июня в 19:00                                                  , HM Lounge Bar                                                    , ул. Жамбыла                                                      , 133
БилетыСобытия от Stand Up CampСъемка стендап шоу «Как на личном?» (by Stand Up Camp)2000 тенге                                                   , 15 июня в 21:30                                                  , HM Lounge Bar                                                    , ул. Жамбыла                                                      , 133
БилетыСобытия от Punch StandUp ClubШоу «Биг стендап» (14 июня)5000 тенге                                                                         , 14 июня в 21:30                                                  , Punch StandUp Club                                               , ул. Каирбекова                                                   , 35а
БилетыСобытия от Stand Up CampСтендап-концерт «Ансаган Садирханов и друзья»от 4000 тенге                                                         , 14 июня в 21:30                                                  , Cheers                                                           , ул. Шевченко                                                     , 100
БилетыСобытия в Almaty Central Stand Up ClubТайный сольный стендап-концерт (14 июня)3000 тенге                                                   , 14 июня в 19:00                                                  , Стендап клуб Almaty Central Stand up club                        , ул. Кабанбай Батыра                                              , 71
БилетыСобытия в Almaty Central Stand Up ClubСтендап-концерт Weekend show (14 июня)от 4000 тенге                                                  , 14 июня в 21:00                                                  , Стендап клуб Almaty Central Stand up club                        , ул. Кабанбай Батыра                                              , 71
БилетыКонцерты в EverJazzHenhouse Prowlers (USA) – Bluegrass Fusion2000 тенге                                                                    , 28 июня в 19:00                                                  , Джаз-клуб EverJazz                                               , ул. Гоголя                                                       , 40Б
БилетыКонцерты в EverJazzArt Collectors trio & Всеволод Цыпин – Hidden Flame4000-6000 тенге                                                      , 26 июня в 20:00                                                  , Джаз-клуб EverJazz                                               , ул. Гоголя                                                       , 40Б
БилетыКонцерты в EverJazzТрио Владимира Демченко и Гульнара Бертисбаева –  Классика джаза4000 тенге                                              , 25 июня в 20:00                                                  , Джаз-клуб EverJazz                                               , ул. Гоголя                                                       , 40Б
БилетыКонцерты в EverJazzДжазовый бранч. Валерия и Александр Соколовы. Romantic Soul3000 тенге                                                   , 22 июня в 14:00                                                  , Джаз-клуб EverJazz                                               , ул. Гоголя                                                       , 40Б
БилетыКонцерты в EverJazzГаухар Саттарова и группа Steps –  Hot Jazz & Funk4000-6000 тенге                                                       , 21 июня в 22:00                                                  , Джаз-клуб EverJazz                                               , ул. Гоголя                                                       , 40Б
БилетыКонцерты в EverJazzКвинтет Валерии Соколовой –  Latin Breeze. Bossa Nova4000-6000 тенге                                                    , 21 июня в 19:00                                                  , Джаз-клуб EverJazz                                               , ул. Гоголя                                                       , 40Б
БилетыКонцерты в EverJazzДжазовый бранч —  Проект Di Harper. Sunday Jazzy3000 тенге                                                              , 15 июня в 14:00                                                  , Джаз-клуб EverJazz                                               , ул. Гоголя                                                       , 40Б
БилетыКонцерты в EverJazzКвинтет Михаила Брусова —  Jazz Legacy4000-6000 тенге                                                                   , 14 июня в 22:00                                                  , Джаз-клуб EverJazz                                               , ул. Гоголя                                                       , 40Б
БилетыКонцерты в EverJazzПосвящение Джону Колтрейну —  Джаз проверенный временем4000-6000 тенге                                                  , 14 июня в 19:00                                                  , Джаз-клуб EverJazz                                               , ул. Гоголя                                                       , 40Б
БилетыКонцерты в EverJazzR.E.D. trio – Modern Jazz4000 тенге                                                                                     , 24 июня в 20:00                                                  , Джаз-клуб EverJazz                                               , ул. Гоголя                                                       , 40Б
БилетыКонцерты в EverJazzТрио Дианы Макиной – Романтический джаз4000 тенге                                                                       , 17 июня в 20:00                                                  , Джаз-клуб EverJazz                                               , ул. Гоголя                                                       , 40б
БилетыСобытия от Stand Up CampСтендап премьера (by Stand Up Camp)Донатное мероприятие (цену билета выбираете вы сами)                            , 14 июня в 20:00                                                  , Coffee House Grain                                               , ул. Курмангазы                                                   , 97
БилетыСобытия от Stand Up CampСольный стендап-концерт Темирлана Жалдыбаева (by Stand Up Camp)от 4000 тенге                                       , 15 июня в 20:00                                                  , Cheers                                                           , ул. Шевченко                                                     , 100
БилетыКонцерты в EverJazzBetter Than Anything –  Квинтет Далена Шинтемирова4000-6000 тенге                                                       , 28 июня в 22:00                                                  , Джаз-клуб EverJazz                                               , ул. Гоголя                                                       , 40Б
БилетыСобытия от Stand Up CampНочной сеанс стендапа (by Stand Up Camp)2000 тенге                                                                 , 14 июня в 23:30                                                  , Cheers                                                           , ул. Шевченко                                                     , 100
БилетыВечеринкиВечеринка CÓDA: Svetlana Lonchar2000 тенге                                                                                        , 28 июня в 23:00                                                  , Место проведения будет объявлено позже
БилетыКонцертыАкустический квартирникот 3500 тенге                                                                                               , 14 июня в 17:30                                                  , Steppe Coffee                                                    , ул. Курмангазы                                                   , 63
БилетыСобытия в Almaty Central Stand Up ClubРуслан Тай: Қазақша стендап-концерт (15 маусым)6000 теңге                                            , 15 июня в 19:30                                                  , Стендап клуб Almaty Central Stand up club                        , ул. Кабанбай Батыра                                              , 71
БилетыФестивалиAlmaty BirdFest  2025от 6 000 тенге                                                                                               , 22 августа и 24 августа                                          , Левый берег                                                      , река Иле
Спектакли в арт-убежище BUNKER Театрализованная читка пьесы «Птица на чердаке»Независимый Экспериментальный Театр «Арт-убежище BUNKER»            , ул. Досмухамедова                                                , 78А
Спектакли в арт-убежище BUNKERЛаборатория театрализованной читки пьесы «Птица на чердаке»Независимый Экспериментальный Театр «Арт-убежище BUNKER», ул. Досмухамедова                                                , 78А
БилетыТеатрСпектакль «Скользящие в миражах»от 500 тенге                                                                                          , 23 июня в 19:30                                                  , Дворец Республики                                                , пр. Достык                                                       , 56
БилетыСпектакли в арт-убежище BUNKERЛекция Константина Козлова «Вожди и Казахстан»5000 тенге                                                     , 28 июня в 19:00                                                  , Независимый Экспериментальный Театр «Арт-убежище BUNKER»         , ул. Досмухамедова                                                , 78А
БилетыСпектакли в арт-убежище BUNKERМонопектакль «Тёмная ночь»от 4000 тенге                                                                      , 14 июня в 20:00                                                  , Независимый Экспериментальный Театр «Арт-убежище BUNKER»         , ул. Досмухамедова                                                , 78А
БилетыВечеринкиВечеринка для девушек QYZilicious10 000 тенге (в день мероприятия 15 000 тенге)                                                   , 20 июня в 20:00                                                  , Rocky Horror bar                                                 , ул. Желтоксан                                                    , 96/98
БилетыМероприятия в театре La BohêmeКукольный спектакль «Цветной переполох на дне морском»2500 тенге                                             , 28 июня в 14:00                                                  , Театр La Bohême                                                  , ул. Валиханова                                                   , 43                                , уг. ул. Жибек Жолы
БилетыStand UpКомедийное шоу «Чотам?»от 5000 тенге                                                                                               , 18 июля в 19:00                                                  , 21:30                                                            , Punch StandUp Club                                               , ул. Каирбекова                    , 35А
БилетыФестивалиJazz picnic — Do be doo15 000 тенге                                                                                               , 22 июня в 15:00                                                  , Almaty Resort                                                    , ул. Альмерек                                                     , 1/1
БилетыВечеринкиЛетняя вечеринка Zvuk XXLот 9000 тенге                                                                                            , 21 июня в 16:00                                                  , Парк развлечений «Кок Тобе»                                      , ул. Омаровой                                                     , 41
БилетыТуризмЛетний городской лагерь «Тайны любимого города»139 800 тенге                                                                         , 16 июня - 27 июня                                                , Wunder Academy Алматы                                            , Кок-Тобе 2                                                       , ул. Кыз Жибек                     , 77
БилетыТуризмЛетний палаточный лагерь от Wunder academy181 200 тенге                                                                              , 22 июня - 28 июня                                                , Конный клуб Almaty Horse & Polo Club                             , ул. Бокина                                                       , 1г                                , с. Рыскулово
БилетыСобытия в Almaty Central Stand Up ClubСольный-концерт Артура Шамгунова «Больно смешно» (8 сентября)от 5000 тенге                           , 8 сентября в 19:30                                               , Стендап клуб Almaty Central Stand up club                        , ул. Кабанбай Батыра                                              , 71
БилетыКинопоказыКиноужин с фильмом «Шрек 2» от VkusKinoот 18 500 тенге                                                                           , 25 июня - 23 июля                                                , Sansara Lounge                                                   , ул. Наурызбай Батыра                                             , 85
ОбразованиеАрома мастер класс + амулетШкола флористики Hellawes                                                                                  , ул. Бухар Жырау                                                  , 35                                                               , со стороны реки Есентай (Весновка)
БилетыКонцерты в EverJazzТрио Дайаны Досхана - Summer Jazz & Soul4000 тенге                                                                      , 18 июня в 20:00                                                  , Джаз-клуб EverJazz                                               , ул. Гоголя                                                       , 40Б
БилетыКонцерты в EverJazzДиана Макина – Завтрак у Тиффани. Песни из голливудских фильмов4000 - 6000 тенге                                        , 20 июня в 19:00                                                  , Джаз-клуб EverJazz                                               , ул. Гоголя                                                       , 40Б
БилетыСпектакли в театре 2actСпектакль «ЧЯрли ГордАн»от 10 000 тенге                                                                             , 28 июня - 20 июля                                                , Альянс-театр 2act                                                , ул. Макатаева 127/11                                             , корпус 1
БилетыКонцерты в EverJazzVlad polak band —  Мировой блюз4000 - 6000 тенге                                                                        , 20 июня в 22:00                                                  , Джаз-клуб EverJazz                                               , ул. Гоголя                                                       , 40Б
БилетыКонцерты в EverJazzDair Ard – Кельтский фолк4000 – 6000 тенге                                                                              , 15 июня в 18:00                                                  , Джаз-клуб EverJazz                                               , ул. Гоголя                                                       , 40б
Туры от Blast TourТур «Плато Ассы и Медвежий водопад»23 мая - 29 июня                                                                            , Место сбора: ул. Байтурсынова                                    , 100                                                              , между улицами Абая и Сатпаева                                    , напротив гостиницы «Астана»
БилетыКонцертыКонцерт группы «Перемотка» в Алматыот 10 000 тенге                                                                                 , 20 июня в 20:00                                                  , Рок-клуб «Жесть»                                                 , ул. Розыбакиева                                                  , 236
БилетыСпектакли в арт-убежище BUNKERСпектакль «Мечта»от 4000 тенге                                                                               , 15 июня и 29 июня                                                , Независимый Экспериментальный Театр «Арт-убежище BUNKER»         , ул. Досмухамедова                                                , 78А
Спектакли в арт-убежище BUNKERСпектакль «Народное сообщение»Независимый Экспериментальный Театр «Арт-убежище BUNKER»                             , ул. Досмухамедова                                                , 78А
Спектакли в арт-убежище BUNKERСпектакль «А рыбы спят?»Независимый Экспериментальный Театр «Арт-убежище BUNKER»                                   , ул. Досмухамедова                                                , 78а (вход с ул. Кабанбай батыра)
КинопоказыВечерний кинопоказ под открытым небом13 июня - 23 июня                                                                                 , Open Cinema Almaty                                               , ​ул. Жандосова 58/1                                               , 3 этаж (вход со стороны Айманова)
Туры от MOCEAN TravelОднодневный тур в Алтын Эмель24 мая - 28 июня                                                                               , Место сбора: пр. Абая 50                                         , парковка цирка
Мастер-классыУрок по керамике «Все включено»12 июня - 28 августа                                                                                 , Творческая академия «Яблоко»                                     , ул. Айманова                                                     , 126                                                              , офис 405
БилетыКонцерты в EverJazzДжазовый бранч. Трио Гочи Сирадзе –  My Friends3000 тенге                                                               , 29 июня в 14:00                                                  , Джаз-клуб EverJazz                                               , ул. Гоголя                                                       , 40б
БилетыФестивалиФестиваль комиксов и поп-культуры AlmaCon 2025от 3000 тенге                                                                       , 16 ноября в 12:00                                                , Место проведения будет объявлено позже
Мастер-классыМастер-класс по созданию композиции из стабилизированных растенийШкола флористики Hellawes                                          , ул. Бухар Жырау                                                  , 35                                                               , со стороны реки Есентай (Весновка)
Мероприятия в винном клубе Love WineМузыкальный вечер «За маской — только музыка...»Квартира Винного клуба Love Wine                             , ул. Кабанбай Батыра                                              , 112
КинопоказыКиноужин с фильмом «Унесенные призраками» от VkusKinoРесторан DragonFly Izakaya                                                        , ул. Уалиханова                                                   , 170 (ТЦ Colibri)
ТуризмТур «Природные чудеса Алматинской области в одном незабываемом дне»8 марта - 30 июня                                                       , Место сбора: Compass                                             , пр. Суюнбая                                                      , 114а
ТуризмТур «По следам древнего океана Тетис: от меловых гор Актау и вулканов Катутау до 700-летней ивы»7 марта - 30 июня                          , Место сбора: пр. Суюнбая                                         , 114а
Туры от Melon TravelАвтомобильный тур «БАО – Большое Алматинское Озеро и водопад Аюсай»1 июня - 30 сентября                                      , Большое Алматинское озеро
БилетыКонцерты в EverJazzИгорь Ананьев и Аkko Band – Noche de Acordeón4000 - 6000 тенге                                                          , 13 июля в 18:00                                                  , Джаз-клуб EverJazz                                               , ул. Гоголя                                                       , 40Б
Туры от Grande VoyageОднодневный тур на озеро Кольсай и 3 каньона7 июня - 28 июня                                                                , Место сбора: ул. Байтурсынова                                    , 100
Туры от Grande VoyageДвухдневный тур на озеро Кольсай и Кайынды + 3 каньона реки Чарын23 мая - 27 июня                                           , Место сбора: ул. Байтурсынова                                    , 100
Туры от Grande VoyageТур «Жаркент + Аулие Агаш»Жаркент
Туры от Grande VoyageТур на Чарынский каньон: «Долина замков и Куртогай»24 мая - 29 июня                                                         , Чарынский каньон
Туры от Grande VoyageОднодневный тур на озера Кольсай и Кайынды + Черный каньон24 мая - 29 июня                                                  , Место сбора: ул. Байтурсынова                                    , 100
БилетыТеатрЛитературно-музыкальный спектакль «Хулиган и классик» в Алматыот 15 000 тенге                                                         , 26 ноября в 19:00                                                , Almaty Theatre                                                   , пр. Аль-Фараби                                                   , 30
БилетыСобытия в Almaty Central Stand Up ClubСольный стендап-концерт Алексея Квашонкина (1 ноября)от 8000 тенге                                   , 1 ноября в 19:30                                                 , Стендап клуб Almaty Central Stand up club                        , ул. Кабанбай Батыра                                              , 71
БилетыСобытия в Almaty Central Stand Up ClubCольный стендап-концерт Кирилла Селегея «От души»8000 тенге                                          , 28 июня в 19:00                                                  , 21:30                                                            , Стендап клуб Almaty Central Stand up club                        , ул. Кабанбай Батыра               , 71
БилетыРазвлеченияСеанс настольной игры Cash Flow9900 тенге                                                                                       , 22 июня в 14:00                                                  , Школа флористики Hellawes                                        , ул. Бухар Жырау                                                  , 35                                , со стороны реки Есентай (Весновка)
Туры от Melon TravelТур «Алматинское Золотое Кольцо: горы                                                                                        , каньоны                                                          , озера и Поющий Бархан»25 мая - 30 сентября
Туры от Melon TravelТур «Чарынский каньон                                                                                                        , Долина замков и река Чарын»26 мая - 30 сентября                  , Место сбора: старт от вашего отеля (в черте города) или аэропорта
Туры от Melon TravelТур «Тайны Танбалы: путешествие к петроглифам ЮНЕСКО в сердце Центральной Азии»25 мая - 30 сентября                          , Место сбора: старт от вашего отеля (в черте города) или аэропорта
Туры от Melon TravelТур «Этно-тур в аул кочевников из Алматы — всё включено»26 мая - 30 сентября                                                 , Место сбора: старт от вашего отеля (в черте города) или аэропорта
Туры от Melon TravelДвухдневный тур в Алтын-Эмель: от мелодий Поющего бархана до величия гор Актау и Катутау25 мая - 30 сентября                 , Место сбора: старт от вашего отеля (в черте города) или аэропорта
Туры от Melon TravelИндивидуальный тур на ночь в горы с посещением озёр Кольсай и Каинды                                                         , а также Чарынского                                               , Черного и Лунного каньонов26 мая - 30 сентября                   , Место сбора: Старт от вашего отеля (в черте города) или аэропорта
Туры от Melon TravelИндивидуальный тур «Озеро Иссык»26 мая - 30 сентября                                                                         , Место сбора: Старт от вашего отеля (в черте города) или аэропорта
БилетыСпектакли в театре 2actСпектакль Brüderschaft (Братство)от 11 000 тенге                                                                    , 20 июня - 27 июля                                                , Театр 2act                                                       , ул. Макатаева                                                    , 127/11 к1
Туры от Blast TourТур «Кольсай + 3 каньона»31 мая - 28 июня                                                                                      , 300 км от города Алматы                                          , на территории национального парка «Көлсай көлдері»
БилетыКонцерты в EverJazzAmaki Jam4000 - 6000 тенге                                                                                              , 29 июня в 18:00                                                  , Джаз-клуб EverJazz                                               , ул. Гоголя                                                       , 40Б
Туры от Melon TravelТур «Водопад Текес и озеро Тузколь»25 мая - 30 сентября                                                                      , Алматинская область                                              , Райымбекский район                                               , Водопад Текес
Туры от Melon TravelТур «Озеро Кайынды и озеро Кольсай за 1 день»25 мая - 30 сентября                                                            , Алматинская область                                              , Кегенский район                                                  , озеро Каинды
Туры от Melon TravelТур «Национальный парк Алтын Эмель: горы Актау и Катутау»26 мая - 30 сентября                                                , область Жетысу                                                   , Государственный национальный природный парк Алтын-Эмель
Туры от Melon TravelТур «Петроглифы Тамгалы Тас и Город Кочевников»26 мая - 30 сентября                                                          , Тамгалы Тас
Туры от Melon TravelТур «Водопад Аюсай и горячие источники Алма Арасан»26 мая - 30 сентября                                                      , Алматы                                                           , Водопад Аюсай-1
Туры от Melon TravelТур «Чарынский каньон: в Долину Замков до реки Чарын»26 мая - 30 сентября                                                    , Алматинская область                                              , Енбекшиказахский район                                           , каньон Чарын
БилетыСпектакли в театре 2actСпектакль «Мне не смешно»6000 тенге                                                                                 , 14 июня и 1 августа                                              , Театр 2act                                                       , ул. Макатаева                                                    , 127/11 к1
Мастер-классыМастер-класс по рисованию «Картина маслом»5 апреля - 29 июня                                                                        , Творческая академия «Яблоко»                                     , ул. Айманова                                                     , 126                                                              , офис 405
Туры от MOCEAN TravelТур «Классика за 1 день»21 мая - 28 июня                                                                                    , Кольсайские озера
Мероприятия в театре La BohêmeИнтерактивный спектакль для самых маленьких «Академия фей и волшебников»La Bohême Театр                            , ул. Валиханова                                                   , 43                                                               , уг. ул. Жибек Жолы
Мастер-классыМастер-класс «Флористика. Сумочка с цветами»Школа флористики Hellawes                                                               , ул. Бухар Жырау                                                  , 35                                                               , со стороны реки Есентай (Весновка)
ОбразованиеТрансформационная игра «Женское счастье»Творческая академия «Яблоко»                                                                  , ул. Айманова                                                     , 126                                                              , офис 405
БилетыМастер-классыТворческий вечер «Правополушарная живопись»20 000 - 36 000 тенге                                                              , 19 июня и 10 июля                                                , ул. Айманова                                                     , 126                                                              , офис 405
БилетыСпектакли в театре 2actСпектакль «Жанна д'Арк»от 6000 тенге                                                                                , 12 июля и 13 июля                                                , Театр 2act                                                       , ул. Макатаева                                                    , 127/11 к1
Мастер-классыУроки керамики для взрослых8 апреля - 26 июня                                                                                       , Творческая академия «Яблоко»                                     , ул. Айманова                                                     , 126                                                              , офис 405
БилетыСпектакли в театре 2actСпектакль «Лучший сотрудник Вечности»от 5000 тенге                                                                  , 15 июня - 3 августа                                              , Театр 2act                                                       , ул. Макатаева                                                    , 127/11 к1
БилетыСпектакли в театре 2actСпектакль «Любовь. Письма»7000 тенге                                                                                , 6 июля в 18:00                                                   , Театр 2act                                                       , ул. Макатаева                                                    , 127/11 к1
БилетыМероприятия в театре La BohêmeМастер-класс по игре на этнических барабанах7000 тенге                                                       , 15 июня в 16:00                                                  , La Bohême Театр                                                  , ул. Валиханова                                                   , 43                                , уг. ул. Жибек Жолы
Мероприятия в театре La BohêmeИнтерактивный цирк ШапитоLa Bohême Театр                                                                           , ул. Валиханова                                                   , 43                                                               , уг. ул. Жибек Жолы
БилетыМероприятия в театре La BohêmeМагический спектакль «В гостях у кролика Роджера»3200 тенге                                                  , 15 июня в 14:00                                                  , La Bohême Театр                                                  , ул. Валиханова                                                   , 43                                , уг. ул. Жибек Жолы
Мероприятия в театре La BohêmeИнтерактивное шоу «Веселое путешествие с пчелкой Майей»La Bohême Театр                                             , ул. Валиханова                                                   , 43                                                               , уг. ул. Жибек Жолы
Туры от MOCEAN TravelТур «Озера за 1 день: Кольсай                                                                                               , Каинды и Черный каньон»31 декабря - 28 июня                      , Озеро Кольсай
Туры от MOCEAN TravelСити-тур по Алматы20 мая - 29 июня                                                                                          , Казахский Государственный цирк                                   , ​пр. Абая                                                         , 50
Туры от MOCEAN TravelТур «Жемчужины Тянь-Шаня: Чарын                                                                                             , Кольсай и Черный каньон»21 мая - 30 июня                         , Чарынский каньон
БилетыКонцерты в EverJazzAll stars jam session – Джазовая музыка и импровизация2000 тенге                                                        , 30 июня в 20:00                                                  , Джаз-клуб EverJazz                                               , ул. Гоголя                                                       , 40б
Туры от Melon TravelОбзорная экскурсия на автомобиле «Такой разный Алматы: город и горы за 1 день»26 мая - 30 сентября                           , Алматы
Туры от Melon TravelОбзорная пешеходная экскурсия «Алматинский вайб»26 мая - 30 сентября                                                         , Алматы
БилетыКонцерты в EverJazzДален Шинтемиров – Better than anything4000 - 6000 тенге                                                                , 29 июня в 22:00                                                  , Джаз-клуб EverJazz                                               , ул. Гоголя                                                       , 40б
Туры от Melon TravelТур на автомобиле «Туркестан                                                                                                 , Отрар и Арыстан Баб за один день»26 мая - 30 сентября            , Место сбора: обсуждается индивидуально
Туры от Melon TravelОбзорная пешеходная экскурсия «Туркестан: основные достопримечательности»26 мая - 30 сентября                                , Туркестан                                                        , светомузыкальный фонтан «Кувшинка» рядом с амфитеатром           , ул                                                               , Байбурт                           , 5​
БилетыОбразованиеВстречи клуба «Арт-терапия»20 000 – 36 000 тенге                                                                                , 26 июня и 17 июля                                                , Творческая академия «Яблоко»                                     , ул Айманова 126                                                  , офис 405
Туры от Grande VoyageТур на озеро Иссык и Медвежий водопад24 мая - 29 июня                                                                       , Озеро Иссык
Туры от Melon TravelТур «Озеро Иссык и водопад Медвежий»26 мая - 30 сентября                                                                     , Озеро Иссык
Мастер-классыМастер-класс по флористике14 июня в 11:00                                                                                           , Школа флористики Hellawes                                        , ул. Бухар Жырау                                                  , 35                                                               , со стороны реки Есентай (Весновка)
Туры от Melon TravelТур «Чарынский каньон                                                                                                        , Черный и Лунный каньоны»25 мая - 30 сентября                     , Чарынский каньон
Туры от Melon TravelТур на внедорожниках «Алтын Эмель – Поющий Бархан»25 мая - 30 сентября                                                       , ГНПП Алтын-Эмель
Туры от Melon TravelТур «Озера Каинды                                                                                                            , Кольсай                                                          , Черный и Чарынский каньоны»25 мая - 30 сентября                  , озеро Каинды
БилетыТуры от Melon TravelТур на внедорожниках «Плато Ассы и Тургеньский (Медвежий) водопад»от 35 000 тенге                                      , 8 июня - 31 августа                                              , Плато Ассы
Туры от Melon TravelТур «Озеро Кольсай                                                                                                           , Чарынский каньон и Черный каньон»26 мая - 30 сентября            , Озеро Кольсай
Туры от Melon TravelТур «Озеро Каинды                                                                                                            , Чарынский каньон и Черный каньон»26 мая - 30 сентября            , Озеро Каинды
БилетыКонцерты в EverJazzAll stars jam session – Джазовая музыка и импровизация2000 тенге                                                        , 23 июня в 20:00                                                  , Джаз-клуб EverJazz                                               , ул. Гоголя                                                       , 40Б
БилетыКонцерты в EverJazzAll stars jam session – Джазовая музыка и импровизация2000 тенге                                                        , 16 июня в 20:00                                                  , Джаз-клуб EverJazz                                               , ул. Гоголя                                                       , 40Б
Туры от MOCEAN TravelКемпинг на озере Тузколь и Текес7 июня - 28 июня                                                                            , озеро Тузколь
Туры от MOCEAN TravelТур «Плато Асы и Медвежий водопад»21 мая - 28 июня                                                                          , Алматы                                                           , улица Байтурсынова                                               , 100
Туры от Grande VoyageТур «Кайракский водопад»1 июня - 29 июня                                                                                    , Место сбора: ул. Байтурсынова 100                                , между пр                                                         , Абая и ул. Сатпаева
Туры от Grande VoyageТур на Капчагайское водохранилище31 августа - 29 июня                                                                       , Место сбора: ул. Байтурсынова                                    , 100                                                              , между пр. Абая и ул. Сатпаева
"Туры от Blast TourТур «Капчагай. База отдыха ""Солнечный берег""»8 июня - 29 июня"                                                              , Алматинская область                                              , г. Капшагай
Туры от Blast TourТур «Кайракский водопад»1 июня - 29 июня                                                                                       , Казахстан                                                        , Алматинская область                                              , Талгарский район
Мастер-классыМастер-класс по созданию аромата для телаШкола флористики Hellawes                                                                  , ул. Бухар Жырау                                                  , 35                                                               , со стороны реки Есентай (Весновка)
Туры от Grande VoyageТур «Плато Ассы и водопад Медвежий в Тургене»1 июня - 29 июня                                                               , Плато Ассы
Мастер-классыМастер-класс «Три свечи»Школа флористики Hellawes                                                                                   , ул. Бухар Жырау                                                  , 35                                                               , со стороны реки Есентай (Весновка)
Туры от Blast TourТур «Тургенский водопад»22 мая - 29 июня                                                                                       , Алматы                                                           , улица Байтурсынова                                               , 100
Туры от Blast TourТур «Жаркент: Мечеть                                                                                                           , Церковь + Святое дерево»Алматы                                   , улица Байтурсынова                                               , 100
Туры от Blast TourДвухдневный тур «Кольсайское озеро                                                                                             , озеро Кайынды                                                    , Чарын 3 каньона»23 мая - 27 июня                                 , Место сбора: ул. Байтурсынова                                    , 100
Туры от Blast TourТур к Городу кочевников + Тамгалы тасГород Кочевников                                                                          , 90 километров к северу от Алматы
Туры от Blast TourТур «Чарын: Долина замков + урочище Куртогай»24 мая - 29 июня                                                                  , Чарынский каньон
Туры от Blast TourТур к озерам Кольсай и Кайынды + Черный каньон21 мая - 29 июня                                                                 , 300 км от города Алматы                                          , на территории национального парка «Көлсай көлдері»
Мастер-классыМастер-класс «Гипсовые фигурки»Школа флористики Hellawes                                                                            , ул. Бухар Жырау                                                  , 35                                                               , со стороны реки Есентай (Весновка)
Туры от MOCEAN TravelТур «Внедорожное путешествие: Алтын Эмель»24 мая - 28 июня                                                                  , ГНПП Алтын-Эмель                                                 , Кербулакский район                                               , Алматинская область
БилетыТуры от MOCEAN TravelТур «Джип-тур по Мангыстау»180 000 тенге                                                                              , 19 июня и 21 августа                                             , Мангистауская область                                            , Актау
ОбразованиеКурс флористики «Базовый курс 1.0»Школа флористики Hellawes                                                                           , ул. Бухар Жырау                                                  , 35                                                               , со стороны реки Есентай (Весновка)
Туры от MOCEAN TravelКемпинг на Плато Асы31 мая - 28 июня                                                                                        , Плато Асы
Туры от MOCEAN TravelТур «Исторический юг: Туркестан и Акмечеть»23 мая - 27 июня                                                                 , Туркестан
